{
   "Metadata": { 
         "DateCreated":  "06/06/2019",
         "Tool":  "MergeNodes.exe",
         "Author":  "Institute for Disease Modeling",
         "WeatherSchemaVersion":  "2.0",
         "IdReference":  "Gridded world grump30arcsec",
         "WeatherCellCount": 1,
         "NodeCount": 1,
         "OffsetEntryCount": 1,
         "NumberDTKNodes": 1,
         "DatavaluePerCell": 365,
         "DatavalueCount": 365,
         "UpdateResolution":  "CLIMATE_UPDATE_DAY",
         "OriginalDataYears": "2001-2001",
         "StartDayOfYear":  "January 1",
         "DataProvenance": "Generated by internally-developed algorithm applied to GSOD weather-station data IDM-Democratic_Republic_of_the_Congo",
         "RunID": "1519610446",
         "Resolution": "30arcsec",
         "UpperLatitude": 6.39166666666669,
         "LeftLongitude": 11.1999999999966,
         "BottomLatitude": -14.4583333333333,
         "RightLongitude": 32.30833333333
    },
    "NodeOffsets": "5B8D282900000000"
}
