{
  "Defaults": {
    "IndividualAttributes": {
      "ImmunityDistribution1": 1,
      "ImmunityDistribution2": 0,
      "ImmunityDistributionFlag": 0,
      "MigrationHeterogeneityDistribution1": 1,
      "MigrationHeterogeneityDistribution2": 0,
      "MigrationHeterogeneityDistributionFlag": 0,
      "MortalityDistribution": {
        "AxisNames": [
          "gender",
          "age"
        ],
        "AxisScaleFactors": [
          1,
          365
        ],
        "AxisUnits": [
          "male=0,female=1",
          "years"
        ],
        "NumDistributionAxes": 2,
        "NumPopulationGroups": [
          2,
          1
        ],
        "PopulationGroups": [
          [
            0,
            1
          ],
          [
            0
          ]
        ],
        "ResultScaleFactor": 2.74E-06,
        "ResultUnits": "annual deaths per 1000 individuals",
        "ResultValues": [
          [
            36.30287175670945
          ],
          [
            36.30287175670945
          ]
        ]
      },
      "PrevalenceDistribution1": 0.13,
      "PrevalenceDistribution2": 0.15,
      "PrevalenceDistributionFlag": 1,
      "RiskDistribution1": 1,
      "RiskDistribution2": 0,
      "RiskDistributionFlag": 0
    },
    "NodeAttributes": {
      "AbovePoverty": 0.5,
      "Airport": 0,
      "Altitude": 0,
      "InitialPopulation": 1000,
      "Region": 1,
      "Seaport": 0,
      "Urban": 0
    }
  },
  "Metadata": {
    "Author": "idm",
    "DateCreated": "2019-02-04 08:13:01.330223",
    "IdReference": "Gridded world grump30arcsec",
    "NodeCount": 25,
    "Resolution": 30,
    "Tool": "dtk-tools"
  },
  "Nodes": [
    {
      "IndividualAttributes": {
        "AgeDistribution": {
          "DistributionValues": [
            [
              0.0,
              0.0874071047257126,
              0.16737703029028822,
              0.24054255502934427,
              0.30748262080895744,
              0.36866131098922023,
              0.424698995357612,
              0.47596861687986863,
              0.52287585743986087,
              0.5657918836833703,
              0.60505615812091651,
              0.64097895023009832,
              0.6738451897298039,
              0.70388278899435042,
              0.731396734023217,
              0.75656941823958368,
              0.77959992670832079,
              0.80067084344605888,
              0.81994889683128758,
              0.83758663005519873,
              0.853723504947993,
              0.86847134258584613,
              0.88198014476312458,
              0.89433952129684835,
              0.90564726947334639,
              0.91599276694979193,
              0.92545790315192022,
              0.93411768090198311,
              0.94204062273700473,
              0.949281677534358,
              0.95591427013628716,
              0.96198247592657726,
              0.96753435697698276,
              0.97261384391768246,
              0.97726112977250779,
              0.98151293367678194,
              0.9854029390818464,
              0.9889581498026756,
              0.992214665861919,
              0.99519409277757964,
              0.99791996293707019,
              1.0000000000000011,
              1.0000000000000011,
              1.0000000000000011,
              1.0000000000000011,
              1.0000000000000011,
              1.0000000000000011,
              1.0000000000000011,
              1.0000000000000011,
              1.0000000000000011
            ]
          ],
          "ResultScaleFactor": 1,
          "ResultValues": [
            [
              0.0,
              894.0,
              1788.0,
              2682.0,
              3576.0,
              4469.0,
              5363.0,
              6257.0,
              7151.0,
              8045.0,
              8939.0,
              9833.0,
              10727.0,
              11620.0,
              12514.0,
              13408.0,
              14302.0,
              15196.0,
              16090.0,
              16984.0,
              17878.0,
              18771.0,
              19665.0,
              20559.0,
              21453.0,
              22347.0,
              23241.0,
              24135.0,
              25029.0,
              25922.0,
              26816.0,
              27710.0,
              28604.0,
              29498.0,
              30392.0,
              31286.0,
              32180.0,
              33073.0,
              33967.0,
              34861.0,
              35755.0,
              36649.0,
              37543.0,
              38437.0,
              39331.0,
              40224.0,
              41118.0,
              42012.0,
              42906.0,
              43800.0
            ]
          ]
        }
      },
      "NodeAttributes": {
        "BirthRate": 0.0075589541192052556,
        "FacilityName": 1636509038,
        "InitialPopulation": 76,
        "Latitude": -10.1523,
        "Longitude": 28.0999
      },
      "NodeID": 1535977513
    }
  ]
}