{
    "Defaults": {
        "IndividualAttributes": {
            "ImmunityDistribution1": 1,
            "ImmunityDistribution2": 0,
            "ImmunityDistributionFlag": 0,
            "MigrationHeterogeneityDistribution1": 1,
            "MigrationHeterogeneityDistribution2": 0,
            "MigrationHeterogeneityDistributionFlag": 0,
            "MortalityDistribution": {
                "AxisNames": [
                    "gender",
                    "age"
                ],
                "AxisScaleFactors": [
                    1,
                    365
                ],
                "AxisUnits": [
                    "male=0,female=1",
                    "years"
                ],
                "NumDistributionAxes": 2,
                "NumPopulationGroups": [
                    2,
                    1
                ],
                "PopulationGroups": [
                    [
                        0,
                        1
                    ],
                    [
                        0
                    ]
                ],
                "ResultScaleFactor": 2.74e-06,
                "ResultUnits": "annual deaths per 1000 individuals",
                "ResultValues": [
                    [
                        36.30287175670945
                    ],
                    [
                        36.30287175670945
                    ]
                ]
            },
            "PrevalenceDistribution1": 0.13,
            "PrevalenceDistribution2": 0.15,
            "PrevalenceDistributionFlag": 1,
            "RiskDistribution1": 1,
            "RiskDistribution2": 0,
            "RiskDistributionFlag": 0
        },
        "NodeAttributes": {
            "AbovePoverty": 0.5,
            "Airport": 0,
            "Altitude": 0,
            "InitialPopulation": 1000,
            "Region": 1,
            "Seaport": 0,
            "Urban": 0
        }
    },
    "Metadata": {
        "Author": "idm",
        "DateCreated": "2019-03-27 04:26:22.374371",
        "IdReference": "Gridded world grump30arcsec",
        "NodeCount": 25,
        "Resolution": 30,
        "Tool": "dtk-tools"
    },
    "Nodes": [
        {
            "IndividualAttributes": {
                "AgeDistribution": {
                    "DistributionValues": [
                        [
                            0.0,
                            0.0874071047257126,
                            0.16737703029028825,
                            0.24054255502934432,
                            0.3074826208089575,
                            0.3686613109892203,
                            0.4246989953576121,
                            0.47596861687986874,
                            0.522875857439861,
                            0.5657918836833704,
                            0.6050561581209166,
                            0.6409789502300984,
                            0.673845189729804,
                            0.7038827889943505,
                            0.7313967340232171,
                            0.7565694182395838,
                            0.7795999267083209,
                            0.800670843446059,
                            0.8199488968312877,
                            0.8375866300551988,
                            0.8537235049479931,
                            0.8684713425858462,
                            0.8819801447631247,
                            0.8943395212968485,
                            0.9056472694733465,
                            0.915992766949792,
                            0.9254579031519203,
                            0.9341176809019833,
                            0.9420406227370048,
                            0.9492816775343581,
                            0.9559142701362873,
                            0.9619824759265774,
                            0.9675343569769829,
                            0.9726138439176826,
                            0.9772611297725079,
                            0.981512933676782,
                            0.9854029390818465,
                            0.9889581498026758,
                            0.9922146658619191,
                            0.9951940927775798,
                            0.9979199629370703,
                            1.0000000000000013,
                            1.0000000000000013,
                            1.0000000000000013,
                            1.0000000000000013,
                            1.0000000000000013,
                            1.0000000000000013,
                            1.0000000000000013,
                            1.0000000000000013,
                            1.0000000000000013
                        ]
                    ],
                    "ResultScaleFactor": 1,
                    "ResultValues": [
                        [
                            0.0,
                            894.0,
                            1788.0,
                            2682.0,
                            3576.0,
                            4469.0,
                            5363.0,
                            6257.0,
                            7151.0,
                            8045.0,
                            8939.0,
                            9833.0,
                            10727.0,
                            11620.0,
                            12514.0,
                            13408.0,
                            14302.0,
                            15196.0,
                            16090.0,
                            16984.0,
                            17878.0,
                            18771.0,
                            19665.0,
                            20559.0,
                            21453.0,
                            22347.0,
                            23241.0,
                            24135.0,
                            25029.0,
                            25922.0,
                            26816.0,
                            27710.0,
                            28604.0,
                            29498.0,
                            30392.0,
                            31286.0,
                            32180.0,
                            33073.0,
                            33967.0,
                            34861.0,
                            35755.0,
                            36649.0,
                            37543.0,
                            38437.0,
                            39331.0,
                            40224.0,
                            41118.0,
                            42012.0,
                            42906.0,
                            43800.0
                        ]
                    ]
                }
            },
            "NodeAttributes": {
                "BirthRate": 0.09945992262112179,
                "FacilityName": 1637229934,
                "InitialPopulation": 1000,
                "Latitude": -10.1523,
                "Longitude": 28.1899
            },
            "NodeID": 1535977513
        }
    ]
}