{
  "Defaults": {
    "IndividualAttributes": {
      "ImmunityDistribution1": 1,
      "ImmunityDistribution2": 0,
      "ImmunityDistributionFlag": 0,
      "MigrationHeterogeneityDistribution1": 1,
      "MigrationHeterogeneityDistribution2": 0,
      "MigrationHeterogeneityDistributionFlag": 0,
      "MortalityDistribution": {
        "AxisNames": [
          "gender",
          "age"
        ],
        "AxisScaleFactors": [
          1,
          365
        ],
        "AxisUnits": [
          "male=0,female=1",
          "years"
        ],
        "NumDistributionAxes": 2,
        "NumPopulationGroups": [
          2,
          1
        ],
        "PopulationGroups": [
          [
            0,
            1
          ],
          [
            0
          ]
        ],
        "ResultScaleFactor": 2.74E-06,
        "ResultUnits": "annual deaths per 1000 individuals",
        "ResultValues": [
          [
            36.30287175670945
          ],
          [
            36.30287175670945
          ]
        ]
      },
      "PrevalenceDistribution1": 0.13,
      "PrevalenceDistribution2": 0.15,
      "PrevalenceDistributionFlag": 1,
      "RiskDistribution1": 1,
      "RiskDistribution2": 0,
      "RiskDistributionFlag": 0
    },
    "NodeAttributes": {
      "AbovePoverty": 0.5,
      "Airport": 0,
      "Altitude": 0,
      "InitialPopulation": 1000,
      "Region": 1,
      "Seaport": 0,
      "Urban": 0
    }
  },
  "Metadata": {
    "Author": "idm",
    "DateCreated": "2019-02-01 04:36:51.282668",
    "IdReference": "Gridded world grump30arcsec",
    "NodeCount": 25,
    "Resolution": 30,
    "Tool": "dtk-tools"
  },
  "Nodes": [
    {
      "IndividualAttributes": {
        "AgeDistribution": {
          "DistributionValues": [
            [
              0.0,
              0.087407104725712614,
              0.16737703029028825,
              0.24054255502934432,
              0.3074826208089575,
              0.36866131098922028,
              0.42469899535761213,
              0.4759686168798688,
              0.52287585743986109,
              0.56579188368337063,
              0.60505615812091684,
              0.64097895023009865,
              0.67384518972980423,
              0.70388278899435075,
              0.73139673402321737,
              0.756569418239584,
              0.77959992670832112,
              0.80067084344605921,
              0.81994889683128791,
              0.83758663005519907,
              0.85372350494799332,
              0.86847134258584646,
              0.88198014476312492,
              0.89433952129684868,
              0.90564726947334673,
              0.91599276694979226,
              0.92545790315192056,
              0.93411768090198355,
              0.94204062273700506,
              0.94928167753435833,
              0.95591427013628749,
              0.9619824759265776,
              0.96753435697698309,
              0.9726138439176828,
              0.97726112977250812,
              0.98151293367678227,
              0.98540293908184673,
              0.988958149802676,
              0.99221466586191931,
              0.99519409277758,
              0.99791996293707053,
              1.0000000000000016,
              1.0000000000000016,
              1.0000000000000016,
              1.0000000000000016,
              1.0000000000000016,
              1.0000000000000016,
              1.0000000000000016,
              1.0000000000000016,
              1.0000000000000016
            ]
          ],
          "ResultScaleFactor": 1,
          "ResultValues": [
            [
              0.0,
              894.0,
              1788.0,
              2682.0,
              3576.0,
              4469.0,
              5363.0,
              6257.0,
              7151.0,
              8045.0,
              8939.0,
              9833.0,
              10727.0,
              11620.0,
              12514.0,
              13408.0,
              14302.0,
              15196.0,
              16090.0,
              16984.0,
              17878.0,
              18771.0,
              19665.0,
              20559.0,
              21453.0,
              22347.0,
              23241.0,
              24135.0,
              25029.0,
              25922.0,
              26816.0,
              27710.0,
              28604.0,
              29498.0,
              30392.0,
              31286.0,
              32180.0,
              33073.0,
              33967.0,
              34861.0,
              35755.0,
              36649.0,
              37543.0,
              38437.0,
              39331.0,
              40224.0,
              41118.0,
              42012.0,
              42906.0,
              43800.0
            ]
          ]
        }
      },
      "NodeAttributes": {
        "BirthRate": 0.011040051410944518,
        "FacilityName": 1571957317,
        "InitialPopulation": 111,
        "Latitude": 0.1691,
        "Longitude": 19.8866
      },
      "NodeID": 1535977513
    }
  ]
}